RT @child_in_cry: @tinvafla  –Ø –Ω–µ —É–º–µ—é –≤ —Å–∏–≥–Ω—ã https://t.co/FUW839Fojz				1sg
@princeofkeksiki –Ω—É –≤–æ –≤—Ä–µ–º—è —Å–µ–∫—Å–∞ –Ω–µ —Ç–∞–∫ –æ–±–∏–¥–Ω–æ, —è –Ω–µ —É–º–µ—é –≤ –ø–µ—Ä—Ñ–æ–º–∞–Ω—Å—ã, —Å–∫—É—á–Ω–æ –≤—ã—Ö–æ–¥–∏—Ç				1sg
–û–¥–Ω–∞–∫–æ –Ω–∏ —Ä–∞–∑—É –µ—â–µ –Ω–µ —É—á–∏—Ç—ã–≤–∞–ª—Å—è —Ç–æ—Ç —Ñ–∞–∫—Ç, —á—Ç–æ —è –∂—É—Ç–∫–∏–π –∏–Ω—Ç—Ä–æ–≤–µ—Ä—Ç –∏ –Ω–µ —É–º–µ—é –≤ –æ–±—â–µ–Ω–∏–µ —Å –ª—é–¥—å–º–∏				1sg
–£–∂–∞—Å–Ω–æ –∑–∞—Ö–æ—Ç–µ–ª–æ—Å—å –Ω–∞—Ä–∏—Å–æ–≤–∞—Ç—å —á–µ—Ä–Ω–æ–∫–æ–∂—É—é –¥–µ–≤—á—É—à–∫—É, –Ω–æ —á–µ—Ä—Ç, —è –Ω–µ —É–º–µ—é –≤ —Ç–∞–∫–∏–µ –æ—Ç—Ç–µ–Ω–∫–∏ –∫–æ–∂–∏, –ª–æ–ª				1sg
@Kristerstein –∫–æ–≥–¥–∞ —Ç—ã —Å–ª–æ—É–ø–æ–∫ –∏ —Ç–æ–ª—å–∫–æ —É–≤–∏–¥–µ–ª. –Ø —Å–æ–≤–µ—Ä—à–µ–Ω–Ω–æ –Ω–µ —É–º–µ—é –≤ —Ç–∞–∫–∏–µ –≤–µ—â–∏, –∏ –µ—â—ë –º–µ–Ω—å—à–µ –≤ –æ–ø–∏—Å–∞–Ω–∏—è, –Ω–æ –ø–æ–ø—Ä–æ–±—É—é?				1sg
@sent_vinsent –ê–•–ê–•–ê–•–ê–•–ê–•–ê–•–ê–•–ê –∫–æ–Ω–µ—á–Ω–æ üåö —è –Ω–µ —É–º–µ—é –≤ –±–µ—Å—Å—é–∂–µ—Ç–Ω—ã–π –ø—Ä–æ–Ω –ø–æ –≥–∞–Ω–Ω–∏–≥—Ä—ç–º—É) —Ç.–µ. —É–º–µ—é, –Ω–æ –Ω–µ –≤ —Ñ—Ñ :D —Ö–æ—Ç—è... –∞ –≤–ø—Ä–æ—á–µ–º, –Ω–µ –Ω–∞–¥–æ)				1sg
–Ø –Ω–µ —É–º–µ—é –≤ –æ—Ç–Ω–æ—à–µ–Ω–∏—è. –ó–∞—Ç–æ –¥—Ä—É–≥ —Ö–æ—Ä–æ—à–∏–π, —á–µ.				1sg
@Blue_shrimp –Ω–∏—Ñ–∏–≥–∞ —è –Ω–µ —É–º–µ—é –≤ –ø–æ–∑–¥—Ä–∞–≤–ª–µ–Ω–∏—è, –Ω–∞ —Å–∞–º–æ–º –¥–µ–ª–µ. –Ω–µ —É–º–µ—é —è –≤—ã—Ä–∞–∑–∏—Ç—å —Å–≤–æ—ë –æ—Ç–Ω–æ—à–µ–Ω–∏–µ –≤ –ø–æ–ª–Ω–æ–π –º–µ—Ä–µ. –Ω–æ –ø—Ä–∞–≤–¥–∞ –ª—é–±–ª—é —Ç–µ–±—è &lt;3				1sg
–ø–æ—Ç–æ–º –≤ –¥–∏–¥–∂–µ –ø–µ—Ä–µ—Ä–∏—Å—É—é –Ω–µ —É–º–µ—é –≤ —Ç—Ä–∞–¥–∏—à				1sg
–ú–µ–Ω—è –∑–æ–≤—É—Ç  –ú–æ–∫–æ–Ω–∞ –∏ —è –Ω–µ —É–º–µ—é –≤ –æ—Ä–∏–≥–∏–Ω–∞–ª—å–Ω–æ—Å—Ç—å. https://t.co/MDtevSTLB3				1sg
–Ω–µ —É–º–µ—é –≤ –ø–æ—Å—Ç—Ä–æ–µ–Ω–∏–µ –∫–æ–º–ø–æ–∑–∏—Ü–∏–∏, –ø–æ —ç—Ç–æ–º—É –±—É–¥—É –ø—Ä–æ—Å—Ç–æ –ø–µ—Ä–µ—Ç–∞—Å–∫–∏–≤–∞—Ç—å –∏ –≤—Ä–∞—â–∞—Ç—å –ø–æ–∫–∞ –Ω–µ —Å—Ç–∞–Ω–µ—Ç KPACUBO https://t.co/wpvEr4KjLm				1sg
@Nikirari —è –≤ –ø—Ä–∏–Ω—Ü–∏–ø–µ –Ω–µ –æ—á–µ–Ω—å —É–º–µ—é –≤ –∂–∏–≤–æ—Ç–Ω—ã—Ö				1sg
–æ—á–µ–Ω—å –≥—Ä—É—Å—Ç–Ω–æ –∫—Å—Ç–∞—Ç–∏ —á—Ç–æ —è –Ω–µ –ø–æ–Ω–∏–º–∞—é —á—Ç–æ –º–Ω–µ –¥–µ–ª–∞—Ç—å –∫–∞–∫ –≤–µ—Å—Ç–∏ —Å –Ω–∞—à–µ–π —Å–æ–±–∞–∫–æ–π  –Ω–µ —É–º–µ—é –≤ —Å–æ–±–∞–∫				1sg
@Wolfs_Tail –∞ —è —É–º–µ—é –≤ –ø–∞—Ñ–æ—Å, –∫–æ–≥–¥–∞ —Ä–µ–ø –ø—ã—Ç–∞—é—Å—å —á–∏—Ç–∞—Ç—å, –Ω–æ –µ—Ç —ç–ø–∏—á–Ω–æ –≤—ã–≥–ª—è–¥–∏—Ç XD				1sg
–í—Å–µ –µ—â–µ –Ω–µ —É–º–µ—é –≤ –∞–Ω–∏–º–µ https://t.co/DdcZkbeaZq				1sg
–í—Å—ë –µ—â—ë –Ω–µ —É–º–µ—é –≤ –∫—Ä–∞—Å–æ—Ç—É, –Ω—É –∏ –ª–∞–¥–Ω–æ				1sg
@frstmk –±–ª–∏–Ω —â–∏—Ç —è –Ω–µ —É–º–µ—é –≤ –º–∞–∫—Å–∏(				1sg
–±–ª—è—Ç—å –≤—Å—ë –Ω–µ –∑–Ω–∞—é –Ω–µ —É–º–µ—é –≤ –∫–æ–Ω—Ñ–ª–∏–∫—Ç—ã –∏ –º–Ω–µ —Ñ–∏–∑–∏—á–µ—Å–∫–∏ –ø–ª–æ—Ö–æ —Å—Ç–∞–ª–æ –ø–æ–π–¥—É —Ñ–∏–ª—å–º –¥–æ—Å–º–∞—Ç—Ä–∏–≤–∞—Ç—å				1sg
–Ø –Ω–µ –º–æ–≥—É, —è –Ω–µ —É–º–µ—é –≤ –ø—Ä–æ—Ñ–∏–ª—å, —è –ö–õ–Ø–õ–ê–°–¨ –°–ï–ë–ï –Ω–µ —Å–¥–∞–≤–∞—Ç—å –ø—Ä–æ—Ñ–∏–ª—å. –Ø –Ω–∏–∫–æ–≥–¥–∞ –µ–º—É –Ω–µ —É—á–∏–ª–∞—Å—å!				1sg
–ì–æ—Ä—è—á–æ –ñ–∞–ª—å, —è –Ω–µ —É–º–µ—é –≤ –ù–¶—É https://t.co/BcHGqigyeZ				1sg
–ú–Ω–µ 16,—è –Ω–µ–∂–Ω–∞ –∏ –º–æ–ª–æ–¥–∞,—É–∂–µ —É–º–µ—é –∫—Ä–∞—Å–∏—Ç—å –±—Ä–æ–≤–∏,–Ω–æ –µ—â–µ –Ω–µ —É–º–µ—é –≤ –ø–∞—Ñ–æ—Å–Ω–æ–µ –ª–∞–π–∫ —ç –±–∏—á –µ–±–∞–ª–æ. https://t.co/tssOfMSkSL				1sg
@LoonyDragon –Ω–æ —è –∏—Ö –ø—Ä–∞–≤–¥–∞ –Ω–µ –Ω–æ—à—É! –ú–Ω–µ –≤ —Å–≤–æ—ë –≤—Ä–µ–º—è –∏—Ö —Ä–æ–¥–∏—Ç–µ–ª–∏ –∫—É–ø–∏–ª–∏, –∞ —è –ø—Ä–æ—Å—Ç–æ –Ω–µ —É–º–µ—é –≤ –∫—Ä–∞—Å–∏–≤–æ–µ –Ω–æ—à–µ–Ω–∏–µ –≤–µ—â–µ–π, –≤–æ—Ç –∏ –Ω–µ —Ç—Ä–æ–≥–∞—é				1sg
—É –º–µ–Ω—è –Ω–∏–∫–æ–≥–¥–∞ –Ω–µ –±—É–¥–µ—Ç –≤—Ç–æ—Ä–æ–π –ø–æ–ª–æ–≤–∏–Ω–∫–∏ –ø–æ—Ç–æ–º—É —á—Ç–æ —è –Ω–µ —É–º–µ—é –≤ —ç—Ç–∏ –≤–∞—à–∏ –æ—Ç–Ω–æ—à–µ–Ω–∏—è				1sg
–≤—ã –≤—Å–µ –æ—Ö—É–µ–ª–∏ –ø—Ä–æ—Å—Ç–æ –≥–æ—Å–ø–æ–¥–∏ —è –∂–µ –Ω–µ —É–º–µ—é –≤ –ø–æ–¥–∞—Ä–∫–∏ —è —á—Ç–æ –≤–∞–º –≤—Å–µ–º –Ω–∞—Ç—É—Ä–æ–π —Ä–∞—Å–ø–ª–∞—á–∏–≤–∞—Ç—å—Å—è –±—É–¥—É!!!				1sg
RT @luuucky_clover: [ david bowie - life on mars? ]  –Ω–µ —É–º–µ—é –≤ —ç—Å—Ç–µ—Ç–∏–∫–∏, –Ω–æ —è –ø—ã—Ç–∞–ª—Å—è https://t.co/ckXCjEqRFT				1sg
—è –Ω–µ —É–º–µ—é –≤ —Ñ–µ–º –∏ –≤ –≥–µ—Ç –∫–∞–∫ —è —Å–æ–±—Ä–∞–ª—Å—è –≤—ã–∂–∏–≤–∞—Ç—å				1sg
@kenzolika —è –º–æ–≥—É –±—ã—Ç—å —Å–∞–º—ã–º —Ñ—Ä—É—Å—Ç—Ä–µ–π—Ç–µ–¥ –≤ –∫–æ–º–∞–Ω–¥–µ –æ—Ç—Ç–æ–≥–æ –∫–∞–∫ —è —É–º–µ—é –≤ –∫–æ–º–∞–Ω–¥–Ω—É—é –∏ –æ—á–µ–Ω—å –±–µ—à—É—Å—å				1sg
—Ç–∏—Ö–æ–Ω–µ—á–∫–æ –æ—Å–æ–∑–Ω–∞—é —á—Ç–æ –ù–ï –£–ú–ï–Æ –í –ê–ù–î–ï–†–≠–ô–î–ñ —Ç–æ –µ—Å—Ç—å –≤–æ–æ–±—â–µ –Ω–µ –æ—Å–æ–∑–Ω–∞—é —Ä–∞–∑–Ω–∏—Ü—É –≤ –≤–æ–∑—Ä–∞—Å—Ç–µ –º–µ–∂–¥—É –ª—é–¥—å–º–∏				1sg
—è –Ω–µ —É–º–µ—é –≤ –ø–æ–ª–Ω–æ—Ü–µ–Ω–∫–∏ –ø–æ–ª–Ω–æ—Ü–µ–Ω–∫–∏ —Å–æ—Å—É—Ç —Ö—É–π —Å–∫–µ—Ç—á–∏ –ª—É—á—à–µ —É –º–µ–Ω—è –≤—Å–µ				1sg
@sweet_cherry22 –Ω—É –≤–æ–æ–±—â–µ —Ä–∞–∑–Ω—ã–µ –≤–µ—â–∏ –Ø –Ω–µ —É–º–µ—é –≤ –≥–æ–≤–Ω–æ, —Ç—ã –∂ –∑–Ω–∞–µ—à—å				1sg
–Ω–µ —É–º–µ—é –≤ —Å–æ—Ü–∏–æ–∏–≥—Ä—É				1sg
—Ä–∞–∑–≥–æ–≤–æ—Ä —É—à–µ–ª –≤ —Å—Ç–æ—Ä–æ–Ω—É "–Ω–µ —É–º–µ—é –≤ –ª–∏—á–Ω—É—é –∂–∏–∑–Ω—å" :")				1sg
RT @fkatvvigstxt: –±–ª—è—Ç—å —è –Ω–µ —É–º–µ—é –≤ –æ—Ç–∫—Ä—ã–≤–∞–Ω–∏–µ —Ä—Ç–∞ –∏ –∏–∑–¥–∞–≤–∞–Ω–∏–µ –∑–≤—É–∫–æ–≤				1sg
@pvt_Tumanov –º–± —è –Ω–µ —É–º–µ—é –≤ –æ–±–ª–∞–∫–∞? –ù–∞–π—Ç–∏ (–±–µ—Å–ø–ª–∞—Ç–Ω–æ) —Ñ–∏–ª—å–º –• —Å —Å–∞–±–∞–º–∏ –Ω–∞ –ø–ª–∞–Ω—à–µ—Ç–µ - –±–æ–ª—å, –¥–∞ –∏ –ø–ª–∞—Ç–Ω–æ –ø–æ–ª–≥–æ–¥–∞ –∂–¥–∞—Ç—å. –ê –º–∞–ª–∏–Ω–∞ just for fun?				1sg
–∫–∞ –∞–¥—Å–∫–∏ –∂–∞–ª—å —á—Ç–æ —è –Ω–µ —É–º–µ—é –≤ –≥—Ä–∞—Ñ–∏–∫—É —è –±—ã —Å—Ç–ª—å–∫–æ –∏ –Ω–∞—Ä–∏—Å–æ–≤–∞–ª —Ç—Ç—Ç—Ç—Ç—Ç https://t.co/yQ1H3IvsXY				1sg
–ê –µ—â–µ —è –Ω–µ —É–º–µ—é –≤ –±—ç–∫, –º—ç—Ö				1sg
–ï–µ–µ–µ–µ, —è –Ω–µ —É–º–µ—é –≤ —Ñ–æ–Ω.~ https://t.co/GSHIznEdir				1sg
–°—Ç–∞—Ç–∏—Å—Ç–∏–∫–∞ —Ç–æ–≥–æ, –∫–∞–∫ —è —É–º–µ—é –≤ —Ä–∞–∑–Ω—ã–µ —ç–º–æ—Ü–∏–∏. –ê –≤–æ–æ–±—â–µ, –≤–º–µ—Å—Ç–æ –æ–ø—Ü–∏–∏ "–≤—Å–ø–æ–º–Ω–∏—Ç–µ –≥–æ–¥" —è –±—ã –≤—ã–±—Ä–∞–ª–∞ –∑–∞–±—ã—Ç—å 2016–π –Ω–∞—Ö—É–π. https://t.co/TjG1w8CMvH				1sg
@haremageddon —Ç–∞–∫–æ–≥–æ –Ω–µ –∑–Ω–∞—é (–≥—É–≥–ª –º–Ω–µ –≤ –ø–æ–º–æ—â—å), –∞ –∏–∑ –≤—Å–µ–π –≤—ã–ø–µ—á–∫–∏ —É–º–µ—é –≤ –±–ª–∏–Ω—ã, —à–∞—Ä–ª–æ—Ç–∫—É –∏ –ø–µ—Å–æ—á–Ω—ã–µ –ø–µ—á–µ–Ω—å–∫–∏ –ø–æ–∫–∞ —á—Ç–æ)				1sg
@rationalsister –Ω–æ –Ω–∞ —Å–∞–º–æ–º –¥–µ–ª–µ —ç—Ç–æ –±—É–¥–µ—Ç —Ä–æ–º–∫–æ–º, –ø—Ä–æ—Å—Ç–æ —è –Ω–µ —É–º–µ—é –≤ _–ø—Ä–æ—Å—Ç–æ_				1sg
@maslitso —è –Ω–µ —É–º–µ—é –≤ –ø–µ–Ω–∏–µ.				1sg
—è —Ç–æ–∂–µ —É–º–µ—é –≤ —â–∞—á–ª–æ —â–µ–≥–ª–∞ https://t.co/dj534Nnwy5				1sg
@sd0107 –Ω–µ, —Ñ–æ—Ç–æ—à–æ–ø–∞ –Ω–µ—Ç, –¥–∞ —è –∏ –Ω–µ —É–º–µ—é –≤ –Ω–µ–≥–æ. –ï—â–µ —Ñ–æ—Ç–∫–∏ –¥–µ–ª–∞—Ç—å –ª–µ–Ω—å)				1sg
@Kedius @WithinMKAD @Devyatov –Ω–µ –±—É–¥—É —Å–ø–æ—Ä–∏—Ç—å, —è –Ω–µ —É–º–µ—é –≤ —Ñ—É—Ç–±–æ–ª)				1sg
@ukrjoker –∑–∞–≤–∏—Å—Ç—å :( —è –Ω–µ –æ—á–µ–Ω—å —É–º–µ—é –≤ –µ–¥—É				1sg
–ù–µ —É–º–µ—é –≤ —Å–ø–æ—Ä—Ç –æ—Ç —Å–ª–æ–≤–∞ –≤–æ–æ–±—â–µ @ –¢–∞–∫—Å—Ç–∞–∫—Å —á—Ç–æ —Ç—É—Ç —É –Ω–∞—Å –∞–≥–∞ —Å–ø–æ—Ä—Ç–∞–∫–æ–Ω –∞–≥–∞ —è—Å–Ω–µ–Ω—å–∫–æ *–Ω–∞–±–∏—Ä–∞–µ—Ç 200 –ø–ª–∞–Ω–æ–≤*				1sg
–Ø –Ω–µ —É–º–µ—é –≤ –∞–µ—Å—Ç–µ—Ç–∏–∫–∏, –ø–æ—ç—Ç–æ–º—É —ç—Ç–æ –ø—Ä–æ—Å—Ç–æ –º—É–¥–±–æ—Ä–¥????				1sg
@troum —è –Ω–µ —É–º–µ—é –≤ –º–µ—Ä—Ç–≤—ã—Ö —è–∑—ã–∫–∞—Ö(				1sg
–ë–õ–Ø–Ø–Ø –Ø –ù–ï –£–ú–ï–Æ –í –°–û–ë–ê–ö				1sg
–ù–µ —É–º–µ—é –≤ —ç—Å—Ç–µ—Ç–∏–∫–∏ –Ω–æ –∫–∞–∫ –∂–µ –∫—Ä—É—Ç–æ –∏—Ö –¥–µ–ª–∞—Ç—å				1sg
@uspeh_i_tyolki —è –Ω–µ —É–º–µ—é –≤ —Å—Ç–∞—Ç—å–∏				1sg
—è –Ω–µ —É–º–µ—é –≤ —Ö—ç –Ω–∞ —Å–∞–º–æ–º –¥–µ–ª–µ —á—Ç–æ-–Ω–∏–±—É–¥—å –≤—Å—ë —Ä–∞–≤–Ω–æ —Å–ª—É—á–∏–ª–æ—Å—å –±—ã, —è –∑–Ω–∞—é –¥–∞ –∏ –∫—å—ë—Ç–∞–Ω–∏ —Ç–∞–º —Å–ª–∏—à–∫–æ–º —Å–ª–∏—à–∫–æ–º				1sg
@frozen_lion @Kuzen4ik –±–ª, —Å–ª–∏—à–∫–æ–º —Å–ª–æ–∂–Ω–∞ –¥–ª—è –º–µ–Ω—è, –Ω–µ —É–º–µ—é –≤ —Ç–∞–∫–æ–π —é–º–æ—Ä				1sg
@Pintim1 —è –Ω–µ —É–º–µ—é –≤ –ø–æ–¥–∞—Ä–∫–∏				1sg
–Ø –ù–ï –£–ú–ï–Æ –í –°–õ–û–í–ê				1sg
–Ø –Ω–µ —É–º–µ—é –≤ —Å—Ç—Ä–µ–ª–∫–∏				1sg
–õ–∞–¥–Ω–æ –±—ã –∫–≤–µ—Å—Ç "–ø–æ–π–¥–∏ —Ç—É–¥–∞ - –Ω–µ –∑–Ω–∞—é –∫—É–¥–∞", –Ω–æ —Ç–∞–º –µ—â–µ –∏ –ø—Ä–æ–¥–æ–ª–∂–µ–Ω–∏–µ –≤ –≤–∏–¥–µ "–Ω–∞–π–¥–∏ —á–µ–ª–æ–≤–µ–∫–∞ –∏ –ø–æ–æ–±—â–∞–π—Å—è —Å –Ω–∏–º". –Ø –ø–ª–æ—Ö–æ —É–º–µ—é –≤ –∫–≤–µ—Å—Ç—ã :(				1sg
–°–ø–∞—Ç—å - —ç—Ç–æ, –∫–æ–Ω–µ—á–Ω–æ, —Ö–æ—Ä–æ—à–æ. –ù–æ —è –Ω–µ —É–º–µ—é –≤ —Å–ø–∞—Ç—å :(				1sg
–ü–æ—á–µ–º—É —è –Ω–µ —É–º–µ—é –≤ —Å—Ç–∏–ª–∏–∑–∞—Ü–∏—é?				1sg
–°–¥–µ–ª–∞–µ–º –≤–∏–¥ —á—Ç–æ —è —É–º–µ—é –≤ —Ü–≤–µ—Ç –ê –≤–æ–æ–±—â–µ –ü—ã—Ç–∞—é—Å—å –ò—Ç—Å —Ö–∞—Ä–¥, –Ω–æ —è –ø—ã—Ç–∞—é—Å—å https://t.co/LrhjUxikOz				1sg
@retrsh —è –Ω–µ —É–º–µ—é –≤ —à–∏–ø–ø—ã –Ω–æ –û–ß–ï–ù–¨ –ü–û–°–¢–ê–†–ê–Æ–°–¨ –î–õ–Ø –†–ï–¢–†–®–ê!!!!				1sg
–ü—Ä–∏–≤–µ—Ç, –∞–Ω–æ–Ω—É—Å—ã. –Ø —Ö–æ—á—É –ø–æ–≥—Ä–æ–º–º–∏—Ä–æ–≤–∞—Ç—å. –Ø –¥–∞–∂–µ –≤–ø–æ–ª–Ω–µ —Å–Ω–æ—Å–Ω–æ —É–º–µ—é –≤ –ø–ª—é—Å—ã. –ú–æ–≥—É –ø–∞—Ä—É —Å–∫—Ä–∏–ø—Ç–æ–≤ –Ω–∞ –ø–∏—Ç–æ–Ω–µ –∏–ª–∏ –ø–µ—Ä–ª–µ –Ω https://t.co/VC6mMjM4Fm				1sg
–≠—Ç–æ –ø–æ—Ä–Ω, –Ω–æ —è –Ω–µ —É–º–µ—é –≤ —Ä–∞–∫—É—Ä—Å—ã, –æ–ª–æ–ª–æ–ª–æ–ª				1sg
–ù–µ —É–º–µ—é –≤ –∞–∫–≤–∞—Ä–µ–ª—å –∫–∞–∫ –≤—Å–µ–≥–¥–∞				1sg
