–ª–ø —Å–∫–∞–∑–∞–ª–∞, —á—Ç–æ —è —É–º–µ—é —à—É—Ç–∏—Ç—å —Ç–æ–ª—å–∫–æ –ø—Ä–æ –≥–µ–µ–≤ –∏ —Å—É–∏—Ü–∏–¥				1sg
–í–∏–¥–∏–º–æ, —è –ø—Ä–æ—Å—Ç–æ –Ω–µ —É–º–µ—é —Ä–∞—Å–ø—Ä–µ–¥–µ–ª—è—Ç—å –≤—Ä–µ–º—è				1sg
@Serena_Van_DerW –ú–æ–≥—É —É–º–µ—é –∞—Ö–∞—Ö–∞—Ö–∞—Ö–∞—Ö–∞—Ö				1sg
–°–Ω–∞—á–∞–ª–∞ –ø–∏—Å–∞—Ç—å –∫—É—á—É –≤—Å–µ–≥–æ, –∞ –ø–æ—Ç–æ–º –Ω–µ –ø–æ—è–≤–ª—è—Ç—å—Å—è –≤ —Ç–≤–∏—Ç—Ç–µ—Ä–µ  –ú–æ–≥—É. –£–º–µ—é. –ü—Ä–∞–∫—Ç–∏–∫—É—é.				1sg
–ü.–°. –ù–µ —É–º–µ—é –ø–æ–∑–¥—Ä–∞–≤–ª—è—Ç—å @anyadi21 https://t.co/xFdk3XCkeX				1sg
RT @TOTOHIME_: —è —Ç–æ—á–Ω–æ —É–º–µ—é —Ä–∏—Å–æ–≤–∞—Ç—å?..				1sg
—è —Ç–æ—á–Ω–æ —É–º–µ—é —Ä–∏—Å–æ–≤–∞—Ç—å?..				1sg
@uniclydiama –∞ —è —Ç–∞–∫ –Ω–µ –º–æ–≥—É.. –Ω–µ —É–º–µ—é				1sg
@Miss___Viki –ø—Ä–æ—Å—Ç –Ω–æ—Ä–º –æ–±—â–∞—Ç—å—Å—è –Ω–µ —É–º–µ—é				1sg
—Å –ª—ë–≥–∫–æ—Å—Ç—å—é —É–º–µ—é —É—Å–ª–æ–∂–Ω—è—Ç—å –∂–∏–∑–Ω—å –ª—é–±–æ–≥–æ —á–µ–ª–æ–≤–µ–∫–∞)))))))				1sg
@kangli_ye –Ω–µ —É–º–µ—é —Ç–∞–∫ :( —Ä–µ–¥–∫–æ —Ä–µ–¥–∫–æ –ø–æ–ª—É—á–∞–µ—Ç—Å—è				1sg
@tanyakhristenko  -–ø—è—Ç—å –¥–µ–º–æ–Ω–æ–≤ —ç —ç—ç—ç–º–∏ -–ø—è—Ç—å –¥–µ–º–æ–Ω–æ–≤ –≠–º–∏–ª–∏ -–æ–æ–æ–æ–æ, —Ç—ã —Å–º–æ—Ç—Ä–µ–ª–∞ —ç—Ç–æ —Ñ–∏–ª—å–º?? -–Ω–µ—Ç,—è —É–º–µ—é —á–∏—Ç–∞—Ç—å  üòÇ				1sg
–£ –≤—Å–µ—Ö –õ—é–±–æ–≤—å, –ø–∞—Ä–Ω–∏, –≤—Å—Ç—Ä–µ—á–∏, –∞ —è —á—Ç–æ? –ù–∏—á–µ–≥–æ, –Ω–µ —É–º–µ—é —è —Ç–∞–∫.				1sg
@yanulya_pro —è –±—ã–≤—à–∏–π –∑—Ä—è—á–∏–π, –ø–æ—ç—Ç–æ–º—É —É–º–µ—é, –∏ –æ–ø–∞—Å–∞—é—Å—å —á—Ç–æ –∞–ª—å—Ç–µ—Ä–Ω–∞—Ç–∏–≤–Ω—ã–µ —à—Ç—É–∫–∏ –±—É–¥—É—Ç –≤—Ç–µ—Ä–∞—Ç—å –∏ —Ç–µ–º –∫—Ç–æ —É–º–µ–µ—Ç.				1sg
–Ø —É–º–µ—é –¥–µ–ª–∞—Ç—å –ª–µ—á–µ–±–Ω—ã–π –¥–µ—Ç—Å–∫–∏–π –∏ –≤–∑—Ä–æ—Å–ª—ã–π –º–∞—Å—Å–∞–∂. –ù–µ–¥–æ—Ä–æ–≥–æ. –ü–æ–¥—Å–∫–∞–∂–∏—Ç–µ –≥–¥–µ –Ω–∞–π—Ç–∏ –∫–ª–∏–µ–Ω—Ç–æ–≤?				1sg
–Ø –Ω–µ —É–º–µ—é –ø–æ–∑–¥—Ä–∞–≤–ª—è—Ç—å –ª—é–¥–µ–π —É–≤—ã(				1sg
–±–æ–∂–µ –ø–æ—á–µ–º—É —è –Ω–µ —É–º–µ—é —Ç–∞–∫ —É—Å–µ—Ä–¥–Ω–æ —É—á–∏—Ç—å—Å—è –∫–∞–∫ —á–∞–π–Ω–∏—á–µ–∫  —Ç–∞–∫ —Å—Ç—Ä–µ–º–Ω–æ –æ—Ç —Å–µ–±—è –º–¥–µ				1sg
–ü–æ—á–µ–º—É —è –Ω–µ —É–º–µ—é —É–≥—Ä–æ–∂–∞—Ç—å? (				1sg
RT @lana55571: "–Ø –í–ê–¢–ù–ò–ö –∏ –º–µ–Ω—è –Ω–µ –∏–∑–º–µ–Ω–∏—Ç—å...–ò —è —É–º–µ—é –†–æ–¥–∏–Ω—É –ª—é–±–∏—Ç—å..." https://t.co/fN8fdZ6LDG				1sg
@ohorat_twt –ø—Ä–∏—Ö–æ–¥–∏ –∫–æ –º–Ω–µ –º–æ–≥—É –≤—ã—Å–ª—É—à–∞—Ç—å –ø–æ–¥–±–∞–¥—Ä–∏–≤–∞—Ç—å –Ω–µ —É–º–µ—é				1sg
RT @anuta_anuta31: –ú–∞–≥–Ω—É—Å. –Ø –Ω–µ...—è –Ω–µ –æ—á–µ–Ω—å —Ö–æ—Ä–æ—à–æ —É–º–µ—é –∏–∑–≤–∏–Ω—è—Ç—Å—è.   #shadowhunters #malec https://t.co/7zMPLfMr8F				1sg
–Ø —É–º–µ—é –¥–µ—Ä–∂–∞—Ç—å —Ä–æ–≤–Ω–æ —Å–ø–∏–Ω—É, –ò –¥–∞–≤–Ω–æ —É–∂ –Ω–µ –≤–µ—Ä—é —Å–ª–æ–≤–∞–º: "–Ø —Ç–µ–±—è –Ω–∏–∫–æ–≥–¥–∞ –Ω–µ... https://t.co/4hm7GKlqW5				1sg
–Ø —É–º–µ—é –¥–µ—Ä–∂–∞—Ç—å —Ä–æ–≤–Ω–æ —Å–ø–∏–Ω—É, –ò –¥–∞–≤–Ω–æ —É–∂ –Ω–µ –≤–µ—Ä—é —Å–ª–æ–≤–∞–º: "–Ø —Ç–µ–±—è –Ω–∏–∫–æ–≥–¥–∞ –Ω–µ... https://t.co/6wMbrxqgF2				1sg
–Ø —É–º–µ—é –¥–µ—Ä–∂–∞—Ç—å —Ä–æ–≤–Ω–æ —Å–ø–∏–Ω—É, –ò –¥–∞–≤–Ω–æ —É–∂ –Ω–µ –≤–µ—Ä—é —Å–ª–æ–≤–∞–º: "–Ø —Ç–µ–±—è –Ω–∏–∫–æ–≥–¥–∞ –Ω–µ... https://t.co/n26vj6zFrC				1sg
–Ø —É–º–µ—é –¥–µ—Ä–∂–∞—Ç—å —Ä–æ–≤–Ω–æ —Å–ø–∏–Ω—É, –ò –¥–∞–≤–Ω–æ —É–∂ –Ω–µ –≤–µ—Ä—é —Å–ª–æ–≤–∞–º: "–Ø —Ç–µ–±—è –Ω–∏–∫–æ–≥–¥–∞ –Ω–µ... https://t.co/QgUeVtRq6A				1sg
–Ø —É–º–µ—é –¥–µ—Ä–∂–∞—Ç—å —Ä–æ–≤–Ω–æ —Å–ø–∏–Ω—É, –ò –¥–∞–≤–Ω–æ —É–∂ –Ω–µ –≤–µ—Ä—é —Å–ª–æ–≤–∞–º: "–Ø —Ç–µ–±—è –Ω–∏–∫–æ–≥–¥–∞ –Ω–µ... https://t.co/Dkp4ko9Nvu				1sg
RT @OhElWang: @MsEsmira28 üòÖ —è –∂ —É–º–µ—é –ø–æ–¥–¥–µ—Ä–∂–∏–≤–∞—Ç—å, –≤–∏–¥–Ω–æ, –¥–∞? üòò –∂–¥—É —ç—Ç–æ–≥–æ –º–æ–º–µ–Ω—Ç–∞, –≥–ª—É–ø—ã—à–∫–∞				1sg
–Ø –Ω–µ —É–º–µ—é —Ç–∞–Ω—Ü–µ–≤–∞—Ç—å –∏ –ø–æ—é —è –ø–ª–æ—Ö–æ –ú–Ω–µ —Ç–∞–∫-—Ç–æ –ø–æ—Ö—É–π				1sg
@MsEsmira28 üòÖ —è –∂ —É–º–µ—é –ø–æ–¥–¥–µ—Ä–∂–∏–≤–∞—Ç—å, –≤–∏–¥–Ω–æ, –¥–∞? üòò –∂–¥—É —ç—Ç–æ–≥–æ –º–æ–º–µ–Ω—Ç–∞, –≥–ª—É–ø—ã—à–∫–∞				1sg
–ù–µ —É–º–µ—é –ª—é–±–∏—Ç—å!!!!–ß—Ç–æ –¥–µ–ª–∞—Ç—å?				1sg
–ù–∞—Å—Ç—è :–û—Å—Ç–∞–≤—å —É—á—ë–±—É –ø–æ–∑–∞–¥–∏ –∏ –∂–∏–≤–∏ –∏ —Ä–∞–¥—É–π—Å—è —Ç–æ–º—É —á—Ç–æ –µ—Å—Ç—å –ö–∞—Ä–∏–Ω–∞ –∏ –Ø : üòÇüòÇüòÇüòÇ –ù–∞—Å—Ç—è : –Ø —Ç–æ–∂–µ —É–º–µ—é —Å–æ—á–∏–Ω—è—Ç—å –±—Ä–µ–¥				1sg
—è –Ω–µ —É–º–µ—é —É—Å–ø–æ–∫–∞–∏–≤–∞—Ç—å –ª—é–¥–µ–π @baadrtdinoff https://t.co/1qc7tXyUxm				1sg
@Pers0naGrata –Ω–µ —É–º–µ—é –≤—Ä–∞—Ç—å, –∏ —Å–æ–≤–µ—Å—Ç—å –∑–∞–≥—Ä—ã–∑—ë—Ç - –º–∞–º–∞ —Å–æ–≤—Å–µ–º –æ–¥–Ω–∞				1sg
–°—Ç–∏—Ö–∏ –ø–∏—Å–∞—Ç—å —è –Ω–µ —É–º–µ—é,–Ω–æ –º—ã—Å–ª–∏ –∏–∑–ª–æ–≥–∞—Ç—å –º–æ–≥—É, –Ø –ø—Ä–æ—Å—Ç–æ –æ—Ç —Ç–µ–±—è –±–∞–ª–¥–µ—é,–ò –Ω–µ –≤–æ —Å–Ω–µ, –∞ –Ω–∞—è–≤—É!!!¬†#TEAMFOLLOWBACK				1sg
RT @inani_ty: –ø–æ—Ä–µ–∑–∞—Ç—å—Å—è –±—É–º–∞–≥–æ–π –º–æ–≥—É, —É–º–µ—é, –±–ª—è—Ç—å–∫–∞–∫–∂–µ—Å—É–∫–∞–±–æ–ª—å–Ω–æ–æ–æ				1sg
@hate_dope —Ç–µ–±—è? –ö—É–¥–∞, –ø—Ä–æ—Å—Ç–∏—Ç–µ? –¢–∏–ø–æ, —Å–æ–∑–¥–∞—Ç—å –≥–µ—Ä–æ–∏–Ω—é, –ø–æ—Ö–æ–∂—É—é –Ω–∞ —Ç–µ–±—è? –ï—Ç–æ —è —É–º–µ—é... –ü—Ä–µ–¥–ª–æ–∂–∏ —á—Ç–æ-–Ω–∏–±—É–¥—å —Å  —Å—é–∂–µ—Ç–æ–º.				1sg
–ö—Ä—á –º–∞–º–∞ –∑–∞–±–æ–ª–µ–ª–∞  –í—ã—Ö–æ–¥–∏—Ç —Ç—Ä–æ–π–∫–∞ –ù–∏—Ö—É—è –Ω–µ —É–º–µ—é –∏–≥—Ä–∞—Ç—å –≤ —Ñ—É—Ç–±–æ–ª –∞ –í –ø–æ–Ω –Ω–∞ –º–∞—Ç—á  –Ø –±–æ–ª–µ—é –Ω–µ–º–Ω–æ–≥–æ –ú–∞–º–∞ –ù–∞—á–∞–ª–∞ –ø–æ–¥–æ–∑—Ä‚Ä¶ https://t.co/guzL5HC8B6				1sg
–ú–∞–≥–Ω—É—Å. –Ø –Ω–µ...—è –Ω–µ –æ—á–µ–Ω—å —Ö–æ—Ä–æ—à–æ —É–º–µ—é –∏–∑–≤–∏–Ω—è—Ç—Å—è.   #shadowhunters #malec https://t.co/7zMPLfMr8F				1sg
RT @littlepill69: –†–µ–±—è—Ç, –∞ –ø—Ä–∏–∫–∏–Ω—å—Ç–µ, —è —Å–≤–∏–Ω—å—è, —è –Ω–µ —É–º–µ—é —É—Ö–∞–∂–∏–≤–∞—Ç—å –∑–∞ —Å–æ–±–æ–π, –º–Ω–µ –ø–æ—Ö—É–π –Ω–∞ –≤—Å—ë, –Ω–µ —É–º–µ—é –≤–∞—â–µ —Å–ª–µ–¥–∏—Ç—å –∑–∞ —Å–æ–±–æ–π –∏ –≤–∞—â–µ —è –º—Ä–∞–∑‚Ä¶				1sg
RT @HistoryFoto: ¬´–Ø –Ω–µ —É–º–µ—é –±—ã—Ç—å –≤—Ç–æ—Ä–æ–π. –ò –¥–∞–∂–µ –ø–µ—Ä–≤–æ–π –Ω–µ —É–º–µ—é. –¢–æ–ª—å–∫–æ –µ–¥–∏–Ω—Å—Ç–≤–µ–Ω–Ω–æ–π¬ª –ì–∞–ª–∏–Ω–∞ –í–æ–ª—á–µ–∫. –°–µ–≥–æ–¥–Ω—è —É –Ω–µ–µ –¥–µ–Ω—å —Ä–æ–∂–¥–µ–Ω–∏—è. https://t.‚Ä¶				1sg
RT @littlepill69: –†–µ–±—è—Ç, –∞ –ø—Ä–∏–∫–∏–Ω—å—Ç–µ, —è —Å–≤–∏–Ω—å—è, —è –Ω–µ —É–º–µ—é —É—Ö–∞–∂–∏–≤–∞—Ç—å –∑–∞ —Å–æ–±–æ–π, –º–Ω–µ –ø–æ—Ö—É–π –Ω–∞ –≤—Å—ë, –Ω–µ —É–º–µ—é –≤–∞—â–µ —Å–ª–µ–¥–∏—Ç—å –∑–∞ —Å–æ–±–æ–π –∏ –≤–∞—â–µ —è –º—Ä–∞–∑‚Ä¶				1sg
–°–æ–≤–µ—Ç—ã –æ—Ç –ë—Ä—é—Å–∞ –õ–∏. 1. –Ø —É–≤–µ—Ä–µ–Ω —Ç–æ–ª—å–∫–æ –≤ –æ–¥–Ω–æ–º: —è –Ω–µ —É–º–µ—é –ø–µ—Ç—å.				1sg
–†–µ–±—è—Ç, –∞ –ø—Ä–∏–∫–∏–Ω—å—Ç–µ, —è —Å–≤–∏–Ω—å—è, —è –Ω–µ —É–º–µ—é —É—Ö–∞–∂–∏–≤–∞—Ç—å –∑–∞ —Å–æ–±–æ–π, –º–Ω–µ –ø–æ—Ö—É–π –Ω–∞ –≤—Å—ë, –Ω–µ —É–º–µ—é –≤–∞—â–µ —Å–ª–µ–¥–∏—Ç—å –∑–∞ —Å–æ–±–æ–π –∏ –≤–∞—â–µ —è –º—Ä–∞–∑–æ—Ç–∞.				1sg
–í–æ—Ç –≤–æ–æ–±—â–µ –Ω–µ —Ö–æ—á—É. –ù–æ –Ω–µ —É–º–µ—é –≥–æ–≤–æ—Ä–∏—Ç—å "–Ω–µ—Ç". –ù–∞–¥–µ—é—Å—å, –≤—Å–µ –Ω–æ—Ä–º–∞–ª—å–Ω–æ –±—É–¥–µ—Ç				1sg
–ù–µ —É–º–µ—é –¥–µ–ª–∞—Ç—å —Å–∫—Ä–∏–Ω—ã, –ø–æ—ç—Ç–æ–º—É —Ç–∞–∫: –ø–æ–¥–∞—Ä–∏—Ç–µ... —Ö—É–π —Ç–µ–±–µ!				1sg
–°–æ–≤–µ—Ç—ã –æ—Ç –ë—Ä—é—Å–∞ –õ–∏. 1. –Ø —É–≤–µ—Ä–µ–Ω —Ç–æ–ª—å–∫–æ –≤ –æ–¥–Ω–æ–º: —è –Ω–µ —É–º–µ—é –ø–µ—Ç—å.				1sg
–£–º–µ—é –≤–æ–≤—Ä–µ–º—è –æ—Ç–≤–µ—Ç–∏—Ç—å https://t.co/RbjqrudH43				1sg
–°–æ–≤–µ—Ç—ã –æ—Ç –ë—Ä—é—Å–∞ –õ–∏. 1. –Ø —É–≤–µ—Ä–µ–Ω —Ç–æ–ª—å–∫–æ –≤ –æ–¥–Ω–æ–º: —è –Ω–µ —É–º–µ—é –ø–µ—Ç—å.				1sg
–ú—ã –ª–∞–∑–∏–ª–∏ –ø–æ –∫–∞–Ω–∞—Ç—É, –ø–æ–¥—Ö–æ–¥–∏—Ç –∫ –æ–¥–Ω–æ–∫–ª–µ –∏ –≥–æ–≤–æ—Ä–∏—Ç –Ω—É —á–µ, –∏–¥–∏, –æ–Ω–∞ —Ç–∞–∫–∞—è, –Ω—É —è –Ω–µ —É–º–µ—é, —è —Ç–æ–ª—Å—Ç–∞—è				1sg
–Ø –Ω–µ –∫–æ–Ω—Ñ–ª–∏–∫—Ç–Ω—ã–π —á–µ–ª–æ–≤–µ–∫. –ù–æ –∫–æ–≥–¥–∞ —Å–µ–±—è –º–µ—Ä–∑–∫–æ –≤–µ–¥—É—Ç... –í–∏–¥–∏–º–æ, —è —É–º–µ—é —Ö–æ—Ç—å –Ω–µ–º–Ω–æ–≥–æ –≥–æ–ª–æ—Å –ø–æ–≤—ã—à–∞—Ç—å.				1sg
@Simpson327 –∫–∞–∫ —Ç–∏—Ö–æ —Ç–æ –±–ª—è—Ç—å, –µ—Å–ª–∏ —è –Ω–µ —É–º–µ—é				1sg
–£–º–µ—é, –ª—é–±–ª—é üç± https://t.co/23iTDPAMQW				1sg
@chesh_1 –∑–Ω–∞—é :–∑ –ù–û –ü–†–û–°–¢–û –Ø –ù–ï –£–ú–ï–Æ –£–ß–ò–¢–¨–°–Ø))0				1sg
–°–æ–≤–µ—Ç—ã –æ—Ç –ë—Ä—é—Å–∞ –õ–∏. 1. –Ø —É–≤–µ—Ä–µ–Ω —Ç–æ–ª—å–∫–æ –≤ –æ–¥–Ω–æ–º: —è –Ω–µ —É–º–µ—é –ø–µ—Ç—å.				1sg
–°–æ–≤–µ—Ç—ã –æ—Ç –ë—Ä—é—Å–∞ –õ–∏. 1. –Ø —É–≤–µ—Ä–µ–Ω —Ç–æ–ª—å–∫–æ –≤ –æ–¥–Ω–æ–º: —è –Ω–µ —É–º–µ—é –ø–µ—Ç—å.				1sg
–æ—á–µ–Ω—å –∂–∞–ª–µ—é, —á—Ç–æ –Ω–µ —É–º–µ—é –ø–∏—Å–∞—Ç—å –¥–≤—É–º—è —Ä—É–∫–∞–º–∏				1sg
@before_perfect —è –Ω–µ —É–º–µ—é —Ç–∞–∫				1sg
RT @lerstyaisreal: @foray__ —Å –¥–Ω—ë–º —Ä–æ–∂–¥–µ–Ω–∏—èüíï–Ω–µ —É–º—Ä–∏(–Ω–µ —É–º–µ—é –ø–æ–∑–¥—Ä–∞–≤–ª—è—Ç—å –ø—Ä–æ—Å—Ç–∏—Ç–µ)				1sg
RT @JERSTON132: –ü–æ–ª—É—á–∞—Ç—å—Å—è –∫–∞–∫ –±–æ–≥, –∫–æ–≥–¥–∞ –Ω–∞ —ç–∫—Å–∫—É—Ä—Å–∏—è—Ö –≤–Ω–µ–∑–∞–ø–Ω–æ —Ñ–æ—Ç–æ–≥—Ä–∞—Ñ–∏—Ä—É—é—Ç –º–∞–º–∫–∏ –¥–Ω–æ–∫–ª–∞—Å—Å–Ω–∏–∫–æ–≤? –õ—é–±–ª—é, —É–º–µ—é, –ø—Ä–∞–∫—Ç–∏–∫—É—é https://t.co/EWv‚Ä¶				1sg
–Ø –Ω–µ —É–º–µ—é –≤–æ–≤—Ä–µ–º—è –∑–∞—Ç–∫–Ω—É—Ç—å—Å—è))))0))) https://t.co/FSsaThjJJd				1sg
RT @IllusionMones: –ß—Ç–æ-—Ç–æ –ø–æ—Ä–Ω–æ–≥—Ä–∞—Ñ–∏—á–µ—Å–∫–æ–µ –º–æ–≥—É —Ç–æ–ª—å–∫–æ —á–∏—Ç–∞—Ç—å, –∏ –ø—Ä–µ–¥—Å—Ç–∞–≤–ª—è—Ç—å –ù—É, –ø–∏–∫—á–∏ —Ç–æ–∂ –Ω–∏—á–µ–≥–æ –ù–æ —á—Ç–æ –±—ã —Ç–∞–∫ –∫–æ–Ω–∫—Ä–µ—Ç–Ω–æ –ø–æ—Ä–Ω—É—Ö—É –∑—ã—Ä–∏—Ç—å..‚Ä¶				1sg
RT @HistoryFoto: ¬´–Ø –Ω–µ —É–º–µ—é –±—ã—Ç—å –≤—Ç–æ—Ä–æ–π. –ò –¥–∞–∂–µ –ø–µ—Ä–≤–æ–π –Ω–µ —É–º–µ—é. –¢–æ–ª—å–∫–æ –µ–¥–∏–Ω—Å—Ç–≤–µ–Ω–Ω–æ–π¬ª –ì–∞–ª–∏–Ω–∞ –í–æ–ª—á–µ–∫. –°–µ–≥–æ–¥–Ω—è —É –Ω–µ–µ –¥–µ–Ω—å —Ä–æ–∂–¥–µ–Ω–∏—è. https://t.‚Ä¶				1sg
–ß—Ç–æ –¥–µ–ª–∞—Ç—å,–µ—Å–ª–∏ —è –Ω–∏—á–µ–≥–æ –∫–ª–∞—Å—Å–Ω–æ–≥–æ –Ω–µ —É–º–µ—é?				1sg
–ß—Ç–æ-—Ç–æ –ø–æ—Ä–Ω–æ–≥—Ä–∞—Ñ–∏—á–µ—Å–∫–æ–µ –º–æ–≥—É —Ç–æ–ª—å–∫–æ —á–∏—Ç–∞—Ç—å, –∏ –ø—Ä–µ–¥—Å—Ç–∞–≤–ª—è—Ç—å –ù—É, –ø–∏–∫—á–∏ —Ç–æ–∂ –Ω–∏—á–µ–≥–æ –ù–æ —á—Ç–æ –±—ã —Ç–∞–∫ –∫–æ–Ω–∫—Ä–µ—Ç–Ω–æ –ø–æ—Ä–Ω—É—Ö—É –∑—ã—Ä–∏—Ç—å.. –°–æ—Ä—Ä–∏, –Ω–µ —É–º–µ—é				1sg
@foray__ —Å –¥–Ω—ë–º —Ä–æ–∂–¥–µ–Ω–∏—èüíï–Ω–µ —É–º—Ä–∏(–Ω–µ —É–º–µ—é –ø–æ–∑–¥—Ä–∞–≤–ª—è—Ç—å –ø—Ä–æ—Å—Ç–∏—Ç–µ)				1sg
–∞–π—â –Ω–µ —É–º–µ—é –ø–æ–¥–¥–µ—Ä–∂–∏–≤–∞—Ç—å —É–±–µ–π—Ç–µ –º–µ–Ω—è				1sg
—Ñ–∞–∫—Ç –æ–±–æ –º–Ω–µ: —è –Ω–µ —É–º–µ—é –Ω–æ—Ä–º–∞–ª—å–Ω–æ –ø–µ—á–∞—Ç–∞—Ç—å				1sg
–Ω–∞ 18-–π —Å—Ç—Ä–∞–Ω–∏—Ü–µ –ø—Ä–æ–¥—ã –∫ –∞–±–∞–Ω–¥–æ–Ω–µ–¥ –≤–ø–∞–¥–∞—é –≤ —Ç—Ä–∞–¥–∏—Ü–∏–æ–Ω–Ω—É—é –∞–ø–∞—Ç–∏—é —Ç–∏–ø–∞ "—è –Ω–µ —É–º–µ—é –ø–∏—Å–∞—Ç—å"				1sg
@PiDy_twt —ç—Ç–æ –¥–∞, –Ω–æ —è —Ç–∞–∫ –Ω–µ —É–º–µ—é)				1sg
–∏—Ç–æ–≥ –¥–≤—É—Ö–Ω–µ–¥–µ–ª—å–Ω–æ–π –ø—Ä–∞–∫—Ç–∏–∫–∏: —è —É–º–µ—é –≤–µ–∂–ª–∏–≤–æ —É–ª—ã–±–∞—Ç—å—Å—è –∏ –≥–æ–≤–æ—Ä–∏—Ç—å morgen –¥–∞–∂–µ –≤ 7 —É—Ç—Ä–∞. –Ω–∞ —ç—Ç–æ–º –≤—Å—ë				1sg
@julia_korbyt —è —É–º–µ—é üò®üò®				1sg
–ù–µ —É–º–µ—é –ø–µ—á—å –±–ª–∏–Ω—ã...–Ω–∞—É—á–∏—Ç–µ?)))				1sg
–Ø –æ—á–µ–Ω—å —Ö–æ—á—É —á—Ç–æ–±—ã –Ω–µ–∫–æ—Ç–æ—Ä—ã–µ –ª—é–¥–∏ —É–≤–∏–¥–µ–ª–∏ –¥—É—ç—Ç –ø–æ–ª–Ω–æ—Å—Ç—å—é –Ω–æ —è –∂ —Å—Ç–æ –ø—Ä–æ –≤—Å–µ—Ö –∑–∞–µ–±–∞–ª —Ç–æ–ª—å–∫–æ —É–º–µ—é —á—Ç–æ –≤—ã–µ–±—ã–≤–∞—Ç—å—Å—è –∏ –ª–µ–Ω—Ç—É –∑–∞—Å–æ—Ä—è—Ç—å				1sg
@_Dancing_Bunny_ —è –∫–∞—Ç–∞—Ç—å—Å—è –Ω–µ —É–º–µ—é, –¥–∞ –∏ –≤—Ä–µ–º–µ–Ω–∏ –æ—Å–æ–±–æ –Ω–µ—Ç, –µ—Å–ª–∏ —á–µ—Å—Ç–Ω–æ)				1sg
–ú–∞–¥—Å –ú–∏–∫–∫–µ–ª—å—Å–µ–Ω: "–Ø –Ω–µ —É–º–µ—é –¥–æ—Å—Ç–æ–π–Ω–æ –ø—Ä–æ–∏–≥—Ä—ã–≤–∞—Ç—å" https://t.co/qKhWYMkTEP https://t.co/z16BGHjF6J				1sg
–Ø –ù–ï –£–ú–ï–Æ –°–ß–ò–¢–ê–¢–¨				1sg
–ù–µ—Ç, –Ω–µ —É–º–µ—é. –ò, –µ—Å–ª–∏ —á–µ—Å—Ç–Ω–æ, –Ω–µ –≤–æ–∑–Ω–∏–∫–∞–µ—Ç –æ—Å–æ–±–æ–≥–æ –∂–µ–ª–∞–Ω–∏—è –Ω–∞—É—á–∏—Ç—å—Å—è - –ø—Ä–æ—Å—Ç–æ-–Ω–∞–ø—Ä–æ—Å—Ç–æ –æ—Ç—Å—É—Ç—Å—Ç–≤—É–µ—Ç –∏–Ω—Ç–µ—Ä–µ—Å –∫ –∫—É–ª–∏–Ω–∞‚Ä¶ https://t.co/j31Z9TwqxD				1sg
–ö–∞–∫ –±–æ–ª–µ—Ç—å, –Ω–æ –Ω–µ –ø–æ–¥–∞–≤–∞—Ç—å –Ω–∏–∫–æ–º—É –≤–∏–¥—É..–º–æ–≥—É, —É–º–µ—é , –ø—Ä–∞–∫—Ç–∏–∫—É—éüò©				1sg
–ù–∞–ø–∏—Ç—å—Å—è –≤ —Å—Ç–µ–ª—å–∫—É –ø–æ—Å–ª–µ —Ç–æ–≥–æ, –∫–∞–∫ –∑–∞—è–≤–∏–ª–∞ –æ –∂—É—Ç–∫–æ–º –ø–æ—Ö–º–µ–ª—å–µ —É –¥–µ–º–æ–Ω–æ–≤? –ú–æ–≥—É, —É–º–µ—é, –ø—Ä–∞–∫—Ç–∏–∫—É—é. –ê –≤–∏—Å–∫–∏ –≤ "–¥–æ–º–µ —É –¥–æ—Ä–æ–≥–∏" —Ö–æ—Ä–æ—à–∏–π...				1sg
—è –Ω–∞—Å—Ç–æ–ª—å–∫–æ –Ω–µ —É–º–µ—é –∂–¥–∞—Ç—å, —á—Ç–æ —è –ø—ã—Ç–∞–ª–∞—Å—å 2 –æ—Å—Ç–∞–Ω–æ–≤–∫–∏ –ø—Ä–æ–π—Ç–∏ –±—ã—Å—Ç—Ä–µ–µ –∞–≤—Ç–æ–±—É—Å–∞! –∞–≤—Ç–æ–±—É—Å–∞, –ö–∞—Ä–ª.				1sg
@colliincee —è –Ω–µ —É–º–µ—é –∏—Ö –ø–∏—Å–∞—Ç—å –∏ —è –Ω–µ –∑–Ω–∞—é –∫–∞–∫ –∏ —è —Ç—É–ø–∞—è –ø—Ä–æ—Å—Ç:))				1sg
–ú–∞–¥—Å –ú–∏–∫–∫–µ–ª—å—Å–µ–Ω: "–Ø –Ω–µ —É–º–µ—é –¥–æ—Å—Ç–æ–π–Ω–æ –ø—Ä–æ–∏–≥—Ä—ã–≤–∞—Ç—å" https://t.co/ltoxmm7rg8 https://t.co/XnyhAJdah5				1sg
–•–æ—Ç—è –Ω–∏—á–µ–≥–æ –Ω–æ–≤–æ–≥–æ. –í—Å–µ–≥–¥–∞ –¥–µ–ª–∞—é –≤—Å—ë –≤ –ø–æ—Å–ª–µ–¥–Ω–∏–π –º–æ–º–µ–Ω—Ç, –ø–æ-–¥—Ä—É–≥–æ–º—É –Ω–µ —É–º–µ—é				1sg
–ø–µ—Ä–µ–≤–æ–¥–∏—Ç—å —Å –ª–∞—Ç–∏–Ω–∏—Ü—ã –Ω–∞ –∫–∏—Ä–∏–ª–ª–∏—Ü—É Be Quiet, –ø–æ—Ç–æ–º—É —á—Ç–æ –Ω–∏–≥–¥–µ —ç—Ç–æ–≥–æ –Ω–µ—Ç, –º–æ–≥—É, —É–º–µ—é, –ø—Ä–∞–∫—Ç–∏–∫—É—é				1sg
—è –Ω–µ —É–º–µ—é –∏—Ö –ø–∏—Å–∞—Ç—å :D https://t.co/ULJpRCg90c				1sg
RT @lana55571: "–Ø –í–ê–¢–ù–ò–ö –∏ –º–µ–Ω—è –Ω–µ –∏–∑–º–µ–Ω–∏—Ç—å...–ò —è —É–º–µ—é –†–æ–¥–∏–Ω—É –ª—é–±–∏—Ç—å..." https://t.co/fN8fdZ6LDG				1sg
RT @lana55571: "–Ø –í–ê–¢–ù–ò–ö –∏ –º–µ–Ω—è –Ω–µ –∏–∑–º–µ–Ω–∏—Ç—å...–ò —è —É–º–µ—é –†–æ–¥–∏–Ω—É –ª—é–±–∏—Ç—å..." https://t.co/fN8fdZ6LDG				1sg
–ê –ø–æ—á–µ–º—É, —è –∫–∞–∫ –∏ –í—ã –ª–µ—Ç–∞—Ç—å –Ω–µ —É–º–µ—é?!				1sg
–ò—â—É —Ä–∞–±–æ—Ç—É –ø—Ä–∏–Ω—Ü–µ—Å—Å–æ–π... –£–º–µ—é –∫–æ–º–∞–Ω–¥–æ–≤–∞—Ç—å –∏ —Ö–Ω—ã–∫–∞—Ç—å)				1sg
–î–∞ –≤—Å—ë —è —É–º–µ—é –¥–µ–ª–∞—Ç—å —Å–∞–º–∞.  –¢–æ–ª—å–∫–æ –≤–æ—Ç –º—É–∂—á–∏–Ω–µ –æ–± —ç—Ç–æ–º –∑–Ω–∞—Ç—å –Ω–µ –Ω—É–∂–Ω–æ.				1sg
—Ç–µ–±—è –∏ –∫–∞—Ä–æ—á–µ —è –Ω–µ —É–º–µ—é —Ç–∞–∫–æ–µ –≥–æ–≤–æ—Ä–∏—Ç—å –Ω–æ –¥—É–º–∞—é, —á—Ç–æ —Ç—ã –º–Ω–æ–≥–∏–º –≤–∞–∂–Ω–∞ –∏ –≤ –æ–±—â–µ–º –Ω–µ —É—Ö–æ–¥–∏. –≤–æ—Ç				1sg
–ù—É, —è —É–º–µ—é –≥–æ—Ç–æ–≤–∏—Ç—å —Ö–¥–¥ https://t.co/Ue0ylg6LY0				1sg
RT @lana55571: "–Ø –í–ê–¢–ù–ò–ö –∏ –º–µ–Ω—è –Ω–µ –∏–∑–º–µ–Ω–∏—Ç—å...–ò —è —É–º–µ—é –†–æ–¥–∏–Ω—É –ª—é–±–∏—Ç—å..." https://t.co/fN8fdZ6LDG				1sg
–Ø —É–º–µ—é –Ω–µ—Ä–≤—ã –∂–µ—á—å –¥–æ —Ç–ª–∞–∞–∞–∞, —Å–ø–æ—Ä–∏–º –ü—Ä–∏–¥–µ—Ä–∂–∏ –≤—Å–µ —Å–≤–æ–∏ –±–ª–∞ –±–ª–∞ –±–ª–∞–∞–∞–∞–∞–∞, –Ω—É –∫—Ç–æ —Ç–µ–±–µ —Å–∫–∞–∑–∞–∞–∞–∞–ªüëÖ				1sg
@_WinDRaiN_  –Ø –Ω–µ —É–º–µ—é —É–ª—ã–±–∞—Ç—å—Å—è —Å –∑—É–±–∞–º–∏ , –æ–Ω–∏ —É –º–µ–Ω—è –∏–¥–µ–∞–ª—å–Ω–æ —Ä–æ–≤–Ω—ã–µ - –Ω–æ –ø–∏—Å–µ—Ü –∫–∞–∫–∏–µ –∂—ë–ª—Ç—ã–µ üëåüëå –¢–∞–∫ —á—Ç–æ —Ç–µ –ø–æ–≤–µ–∑–ª–æ				1sg
–Ø —É–º–µ—é –¥–µ—Ä–∂–∞—Ç—å —Ä–æ–≤–Ω–æ —Å–ø–∏–Ω—É, –ò –¥–∞–≤–Ω–æ —É–∂ –Ω–µ –≤–µ—Ä—é —Å–ª–æ–≤–∞–º: "–Ø —Ç–µ–±—è –Ω–∏–∫–æ–≥–¥–∞ –Ω–µ... https://t.co/Cprqe5A2QS				1sg
@Brown_Eyed_Alph —è –ø—Ä–æ—Å—Ç–æ —Å–≤—è—Ç–æ—à–∞,–¥–∞ –µ—â—ë –∫ —Ç–æ–º—É –∂–µ –Ω–µ —É–º–µ—é –≤–µ—Å–µ–ª–∏—Ç—å—Å—è *—Å–º–æ—Ç—Ä—é –Ω–∞ —Ç–µ–±—è –∏ –≤ –º–æ–∏—Ö –≥–ª–∞–∑–∞—Ö —Ç–∞–∫ –∏ –ø–ª–µ—â–µ—Ç –Ω–µ–≤–∏–Ω–Ω–æ—Å—Ç—å*				1sg
–ì—Å–ø–¥. –Ø —É–º–µ—é –±—ã—Ç—å –º–∏–ª–æ–π.^^ #gensei #gensei_studio #gensei_art #cosplay #russiancosplay‚Ä¶ https://t.co/TcxPlxERJk				1sg
–û—Ç ¬´–•–º, –Ω–∞–¥–æ –ø–∞—Ä–Ω—è —Å–µ–±–µ –Ω–∞–π—Ç–∏¬ª –¥–æ ¬´–î–∞ –Ω—É –Ω–∞—Ö–µ—Ä —ç—Ç–æ –¥–µ—Ä—å–º–æ¬ª –∑–∞ 1 —Å–µ–∫—É–Ω–¥—É. –ú–æ–≥—É, —É–º–µ—é, –ø—Ä–∞–∫—Ç–∏–∫—É—é. üòê				1sg
RT @lovernis__: –ø–æ—á–µ–º—É —è –Ω–µ —É–º–µ—é —Å–æ—Å—Ç–∞–≤–ª—è—Ç—å —Ç–∞–∫–∏–µ –∫–æ–Ω—Å–ø–µ–∫—Ç—ã? https://t.co/eCGtmzfjxI				1sg
